Title,Date
"멋진 신세계: 리미티드 시리즈: 멋진 신세계","6/20/26"
"멋진 신세계: 리미티드 시리즈: 운명의 고리","6/19/26"
"중간계","6/17/26"
"멋진 신세계: 리미티드 시리즈: 잃어버린 시간을 찾아서","6/15/26"
"멋진 신세계: 리미티드 시리즈: 가리워진 길","6/14/26"
"참교육: 리미티드 시리즈: 5화","6/10/26"
"참교육: 리미티드 시리즈: 4화","6/9/26"
"멋진 신세계: 리미티드 시리즈: 희망 절망 소망","6/7/26"
"멋진 신세계: 리미티드 시리즈: 첫 사랑니","6/5/26"
"멋진 신세계: 리미티드 시리즈: 빌어먹을 세상 따위","6/2/26"
"멋진 신세계: 리미티드 시리즈: 달의 이면","6/2/26"
"넘버원","5/31/26"
"원더풀스: 리미티드 시리즈: 누구의 인생에나 반전은 있다","5/31/26"
"멋진 신세계: 리미티드 시리즈: 요녀와 야수","5/30/26"
"모두가 자신의 무가치함과 싸우고 있다: 리미티드 시리즈: 2화","5/28/26"
"멋진 신세계: 리미티드 시리즈: 탐라도 푸른 밤","5/28/26"
"멋진 신세계: 리미티드 시리즈: 쥐약 같은 여자","5/27/26"
"멋진 신세계: 리미티드 시리즈: 이해와 오해 너머","5/24/26"
"멋진 신세계: 리미티드 시리즈: 너의 세계로","5/23/26"
"멋진 신세계: 리미티드 시리즈: 운명사용설명서","5/22/26"
"모두가 자신의 무가치함과 싸우고 있다: 리미티드 시리즈: 1화","5/6/26"
"비스트","5/5/26"
"장해전: 1회","5/2/26"
"정점","5/2/26"
"기리고: 리미티드 시리즈: 8화","4/29/26"
"기리고: 리미티드 시리즈: 7화","4/29/26"
"기리고: 리미티드 시리즈: 6화","4/28/26"
"기리고: 리미티드 시리즈: 5화","4/28/26"
"기리고: 리미티드 시리즈: 4화","4/27/26"
"기리고: 리미티드 시리즈: 3화","4/27/26"
"기리고: 리미티드 시리즈: 2화","4/26/26"
"기리고: 리미티드 시리즈: 1화","4/26/26"
"스래시: 상어의 습격","4/24/26"
"옥을 찾아서: 40화","4/23/26"
"옥을 찾아서: 1화","4/23/26"
"옥을 찾아서: 39화","4/22/26"
"옥을 찾아서: 38화","4/22/26"
"옥을 찾아서: 37화","4/21/26"
"옥을 찾아서: 36화","4/21/26"
"옥을 찾아서: 35화","4/20/26"
"옥을 찾아서: 34화","4/20/26"
"옥을 찾아서: 33화","4/19/26"
"옥을 찾아서: 32화","4/16/26"
"옥을 찾아서: 31화","4/16/26"
"옥을 찾아서: 30화","4/15/26"
"옥을 찾아서: 29화","4/15/26"
"옥을 찾아서: 28화","4/13/26"
"옥을 찾아서: 27화","4/12/26"
"옥을 찾아서: 26화","4/12/26"
"옥을 찾아서: 25화","4/12/26"
"옥을 찾아서: 24화","4/11/26"
"옥을 찾아서: 23화","4/11/26"
"옥을 찾아서: 22화","4/11/26"
"옥을 찾아서: 21화","4/10/26"
"옥을 찾아서: 20화","4/10/26"
"옥을 찾아서: 19화","4/9/26"
"옥을 찾아서: 18화","4/9/26"
"옥을 찾아서: 17화","4/9/26"
"옥을 찾아서: 16화","4/8/26"
"옥을 찾아서: 15화","4/8/26"
"옥을 찾아서: 14화","4/6/26"
"옥을 찾아서: 13화","4/6/26"
"옥을 찾아서: 12화","4/6/26"
"옥을 찾아서: 11화","4/5/26"
"옥을 찾아서: 10화","4/4/26"
"옥을 찾아서: 9화","4/3/26"
"옥을 찾아서: 8화","4/3/26"
"옥을 찾아서: 7화","4/3/26"
"옥을 찾아서: 6화","4/3/26"
"옥을 찾아서: 5화","4/2/26"
"옥을 찾아서: 4화","4/2/26"
"옥을 찾아서: 3화","4/1/26"
"옥을 찾아서: 2화","4/1/26"
"신이랑 법률사무소: 6화","3/30/26"
"신이랑 법률사무소: 5화","3/28/26"
"미친맛집: 미식가 친구의 맛집: 시즌5: 한일 미식 데이트: 새로운 만남","3/22/26"
"이 사랑 통역 되나요?: 리미티드 시리즈: 12화","3/22/26"
"이 사랑 통역 되나요?: 리미티드 시리즈: 11화","3/21/26"
"이 사랑 통역 되나요?: 리미티드 시리즈: 10화","3/19/26"
"이 사랑 통역 되나요?: 리미티드 시리즈: 9화","3/19/26"
"이 사랑 통역 되나요?: 리미티드 시리즈: 8화","3/18/26"
"이 사랑 통역 되나요?: 리미티드 시리즈: 7화","3/18/26"
"이 사랑 통역 되나요?: 리미티드 시리즈: 6화","3/16/26"
"이 사랑 통역 되나요?: 리미티드 시리즈: 5화","3/15/26"
"이 사랑 통역 되나요?: 리미티드 시리즈: 4화","3/14/26"
"이 사랑 통역 되나요?: 리미티드 시리즈: 3화","3/14/26"
"이 사랑 통역 되나요?: 리미티드 시리즈: 2화","3/14/26"
"이 사랑 통역 되나요?: 리미티드 시리즈: 1화","3/13/26"
"레이디 두아: 리미티드 시리즈: 레이디 두아","3/13/26"
"레이디 두아: 리미티드 시리즈: 김미정","3/12/26"
"레이디 두아: 리미티드 시리즈: 무적자","3/12/26"
"레이디 두아: 리미티드 시리즈: 부두아","3/12/26"
"레이디 두아: 리미티드 시리즈: 김은재","3/12/26"
"언더커버 미쓰홍: 리미티드 시리즈: 새천년의 우리들","3/10/26"
"언더커버 미쓰홍: 리미티드 시리즈: 인정사정 볼 것 없다","3/8/26"
"레이디 두아: 리미티드 시리즈: 목가희","3/3/26"
"언더커버 미쓰홍: 리미티드 시리즈: 대해적의 시대","3/1/26"
"언더커버 미쓰홍: 리미티드 시리즈: 마녀사냥","2/28/26"
"은애하는 도적님아: 16화","2/28/26"
"은애하는 도적님아: 15화","2/26/26"
"은애하는 도적님아: 14화","2/25/26"
"은애하는 도적님아: 13화","2/25/26"
"언더커버 미쓰홍: 리미티드 시리즈: 돈은 잠들지 않는다","2/24/26"
"언더커버 미쓰홍: 리미티드 시리즈: 가면을 쓴 해적","2/21/26"
"은애하는 도적님아: 12화","2/16/26"
"언더커버 미쓰홍: 리미티드 시리즈: 용쟁호투","2/16/26"
"레이디 두아: 리미티드 시리즈: 무명녀","2/15/26"
"언더커버 미쓰홍: 리미티드 시리즈: 두 개의 편지","2/15/26"
"은애하는 도적님아: 11화","2/12/26"
"언더커버 미쓰홍: 리미티드 시리즈: 머니 몬스터","2/10/26"
"언더커버 미쓰홍: 리미티드 시리즈: 나는 네가 지난 여름에 한 일을 알고 있다","2/8/26"
"은애하는 도적님아: 10화","2/7/26"
"은애하는 도적님아: 9화","2/6/26"
"언더커버 미쓰홍: 리미티드 시리즈: ‘양’들의 침묵","2/6/26"
"언더커버 미쓰홍: 리미티드 시리즈: 꼭꼭 숨어라 머리카락 보일라","2/3/26"
"언더커버 미쓰홍: 리미티드 시리즈: 적과의 동침","1/30/26"
"언더커버 미쓰홍: 리미티드 시리즈: 등잔 밑은 어둡고 뜨겁다","1/30/26"
"언더커버 미쓰홍: 리미티드 시리즈: 입사와 침투 사이","1/29/26"
"언더커버 미쓰홍: 리미티드 시리즈: 여의도 마녀라 불리는 여자","1/27/26"
"은애하는 도적님아: 8화","1/26/26"
"태풍상사: 리미티드 시리즈: 그대 그리고 나","1/25/26"
"태풍상사: 리미티드 시리즈: 걸어서 하늘까지","1/24/26"
"흑백요리사: 요리 계급 전쟁: 시즌 2: 3화","1/24/26"
"은애하는 도적님아: 7화","1/24/26"
"은애하는 도적님아: 6화","1/22/26"
"은애하는 도적님아: 5화","1/19/26"
"은애하는 도적님아: 4화","1/18/26"
"은애하는 도적님아: 3화","1/18/26"
"은애하는 도적님아: 2화","1/17/26"
"은애하는 도적님아: 1화","1/13/26"
"프로보노: 리미티드 시리즈: 12화","1/12/26"
"프로보노: 리미티드 시리즈: 11화","1/10/26"
"프로보노: 리미티드 시리즈: 10화","1/6/26"
"캐셔로: 리미티드 시리즈: 8화","1/4/26"
"캐셔로: 리미티드 시리즈: 7화","1/4/26"
"캐셔로: 리미티드 시리즈: 6화","1/4/26"
"프로보노: 리미티드 시리즈: 9화","1/3/26"
"캐셔로: 리미티드 시리즈: 5화","1/2/26"
"캐셔로: 리미티드 시리즈: 4화","1/1/26"
"캐셔로: 리미티드 시리즈: 3화","1/1/26"
"캐셔로: 리미티드 시리즈: 2화","1/1/26"
"프로보노: 리미티드 시리즈: 8화","12/28/25"
"프로보노: 리미티드 시리즈: 7화","12/28/25"
"캐셔로: 리미티드 시리즈: 1화","12/27/25"
"흑백요리사: 요리 계급 전쟁: 시즌 2: 2화","12/26/25"
"살인자 리포트","12/24/25"
"프로보노: 리미티드 시리즈: 6화","12/22/25"
"흑백요리사: 요리 계급 전쟁: 시즌 2: 1화","12/21/25"
"대홍수","12/20/25"
"프로보노: 리미티드 시리즈: 1화","12/19/25"
"프로보노: 리미티드 시리즈: 4화","12/18/25"
"프로보노: 리미티드 시리즈: 3화","12/18/25"
"프로보노: 리미티드 시리즈: 2화","12/17/25"
"당신이 죽였다: 리미티드 시리즈: 희수","12/14/25"
"당신이 죽였다: 리미티드 시리즈: 은수","12/14/25"
"자백의 대가: 12화","12/13/25"
"자백의 대가: 11화","12/13/25"
"자백의 대가: 10화","12/13/25"
"자백의 대가: 9화","12/13/25"
"자백의 대가: 8화","12/12/25"
"자백의 대가: 7화","12/12/25"
"자백의 대가: 6화","12/11/25"
"자백의 대가: 5화","12/9/25"
"자백의 대가: 4화","12/8/25"
"자백의 대가: 3화","12/7/25"
"자백의 대가: 2화","12/7/25"
"자백의 대가: 1화","12/7/25"
"절요: 36화","12/5/25"
"절요: 35화","12/4/25"
"절요: 34화","12/4/25"
"절요: 33화","12/3/25"
"절요: 32화","12/2/25"
"절요: 31화","12/2/25"
"절요: 30화","12/1/25"
"절요: 29화","12/1/25"
"절요: 28화","11/30/25"
"절요: 27화","11/29/25"
"절요: 26화","11/29/25"
"절요: 25화","11/29/25"
"절요: 24화","11/27/25"
"절요: 23화","11/27/25"
"절요: 22화","11/26/25"
"절요: 21화","11/25/25"
"절요: 20화","11/25/25"
"절요: 19화","11/25/25"
"절요: 18화","11/24/25"
"절요: 17화","11/24/25"
"절요: 16화","11/24/25"
"절요: 15화","11/22/25"
"절요: 14화","11/22/25"
"절요: 13화","11/22/25"
"절요: 12화","11/19/25"
"절요: 11화","11/18/25"
"절요: 10화","11/17/25"
"절요: 9화","11/17/25"
"절요: 8화","11/16/25"
"서울 자가에 대기업 다니는 김 부장 이야기: 리미티드 시리즈: 낙수효과","11/15/25"
"절요: 7화","11/15/25"
"절요: 6화","11/14/25"
"절요: 5화","11/13/25"
"서울 자가에 대기업 다니는 김 부장 이야기: 리미티드 시리즈: 복귀의 기술","11/11/25"
"절요: 4화","11/8/25"
"절요: 3화","11/8/25"
"절요: 2화","11/8/25"
"절요: 1화","11/8/25"
"서울 자가에 대기업 다니는 김 부장 이야기: 리미티드 시리즈: 9회말 2아웃","11/7/25"
"서울 자가에 대기업 다니는 김 부장 이야기: 리미티드 시리즈: MVP","11/6/25"
"서울 자가에 대기업 다니는 김 부장 이야기: 리미티드 시리즈: 바보들의 행진","11/6/25"
"태풍상사: 리미티드 시리즈: 젊은이의 양지","11/6/25"
"태풍상사: 리미티드 시리즈: 산다는 것은","11/5/25"
"서울 자가에 대기업 다니는 김 부장 이야기: 리미티드 시리즈: 문턱","11/1/25"
"태풍상사: 리미티드 시리즈: 야망의 전설","10/31/25"
"태풍상사: 리미티드 시리즈: 우리들의 천국","10/29/25"
"굿뉴스","10/21/25"
"태풍상사: 리미티드 시리즈: 바람은 불어도","10/20/25"
"태풍상사: 리미티드 시리즈: 서울의 달","10/19/25"
"태풍상사: 리미티드 시리즈: 아스팔트 사나이","10/19/25"
"태풍상사: 리미티드 시리즈: 폭풍의 계절","10/18/25"
"청춘월담: 제20화","10/17/25"
"청춘월담: 제19화","10/17/25"
"청춘월담: 제18화","10/17/25"
"청춘월담: 제17화","10/16/25"
"청춘월담: 제16화","10/15/25"
"청춘월담: 제15화","10/15/25"
"청춘월담: 제14화","10/12/25"
"청춘월담: 제13화","10/12/25"
"청춘월담: 제12화","10/12/25"
"청춘월담: 제11화","10/11/25"
"청춘월담: 제10화","10/11/25"
"청춘월담: 제7화","10/10/25"
"청춘월담: 제9화","10/9/25"
"청춘월담: 제8화","10/9/25"
"청춘월담: 제6화","10/9/25"
"청춘월담: 제5화","10/8/25"
"청춘월담: 제4화","10/8/25"
"청춘월담: 제3화","10/7/25"
"청춘월담: 제2화","10/7/25"
"고백의 역사","10/5/25"
"청춘월담: 제1화","10/3/25"
"사마귀: 살인자의 외출: 8화","9/30/25"
"사마귀: 살인자의 외출: 7화","9/29/25"
"사마귀: 살인자의 외출: 6화","9/27/25"
"사마귀: 살인자의 외출: 5화","9/25/25"
"폭군의 셰프: 리미티드 시리즈: Course Nº10 조선식 레스토랑","9/24/25"
"폭군의 셰프: 리미티드 시리즈: Course Nº9 압력솥 오계탕","9/23/25"
"폭군의 셰프: 리미티드 시리즈: Course Nº1 고추장 버터 비빔밥","9/20/25"
"에스콰이어: 변호사를 꿈꾸는 변호사들: 리미티드 시리즈: 사랑의 서약, 저 너머","9/15/25"
"사마귀: 살인자의 외출: 4화","9/15/25"
"사마귀: 살인자의 외출: 1화","9/15/25"
"폭군의 셰프: 리미티드 시리즈: Course Nº8 쌀머루주 비프 부르기뇽","9/14/25"
"사마귀: 살인자의 외출: 3화","9/14/25"
"에스콰이어: 변호사를 꿈꾸는 변호사들: 리미티드 시리즈: 네 발과 두 발의 사랑","9/12/25"
"사마귀: 살인자의 외출: 2화","9/12/25"
"에스콰이어: 변호사를 꿈꾸는 변호사들: 리미티드 시리즈: 바이스텐더","9/9/25"
"폭군의 셰프: 리미티드 시리즈: Course Nº6 흑임자 마카롱","9/7/25"
"폭군의 셰프: 리미티드 시리즈: Course Nº5 눈꽃 슈니첼","9/6/25"
"에스콰이어: 변호사를 꿈꾸는 변호사들: 리미티드 시리즈: 살 자격","9/5/25"
"에스콰이어: 변호사를 꿈꾸는 변호사들: 리미티드 시리즈: 원더우먼","9/5/25"
"에스콰이어: 변호사를 꿈꾸는 변호사들: 리미티드 시리즈: 무지갯빛 사랑","9/3/25"
"에스콰이어: 변호사를 꿈꾸는 변호사들: 리미티드 시리즈: 사랑도 심신미약","9/2/25"
"폭군의 셰프: 리미티드 시리즈: Course N°4 ** 시금치 된장국","8/31/25"
"폭군의 셰프: 리미티드 시리즈: Course N°3 오뜨 퀴진","8/30/25"
"에스콰이어: 변호사를 꿈꾸는 변호사들: 리미티드 시리즈: 살리에르의 독백","8/30/25"
"폭군의 셰프: 리미티드 시리즈: Course Nº2 수비드 요리","8/27/25"
"케이팝 데몬 헌터스","8/24/25"
"트리거: 리미티드 시리즈: 10화","8/17/25"
"트리거: 리미티드 시리즈: 9화","8/16/25"
"트리거: 리미티드 시리즈: 8화","8/16/25"
"트리거: 리미티드 시리즈: 7화","8/16/25"
"트리거: 리미티드 시리즈: 6화","8/16/25"
"트리거: 리미티드 시리즈: 5화","8/16/25"
"트리거: 리미티드 시리즈: 4화","8/14/25"
"트리거: 리미티드 시리즈: 3화","8/14/25"
"트리거: 리미티드 시리즈: 2화","8/13/25"
"트리거: 리미티드 시리즈: 1화","8/12/25"
"에스콰이어: 변호사를 꿈꾸는 변호사들: 리미티드 시리즈: 렉스 탈리오니스(lex talionis)","8/11/25"
"에스콰이어: 변호사를 꿈꾸는 변호사들: 리미티드 시리즈: 나비고치","8/10/25"
"에스콰이어: 변호사를 꿈꾸는 변호사들: 리미티드 시리즈: 인덕션","8/10/25"
"라팔마: 리미티드 시리즈: 안전지대","8/10/25"
"라팔마: 리미티드 시리즈: 테네리페로 탈출","8/9/25"
"라팔마: 리미티드 시리즈: 이륙","8/9/25"
"라팔마: 리미티드 시리즈: 양치기 소년","8/9/25"
"에스콰이어: 변호사를 꿈꾸는 변호사들: 리미티드 시리즈: 티백과 사랑의 강도는 뜨거운 물에 담가봐야 안다","8/7/25"
"이로운 사기: 16화","8/5/25"
"이로운 사기: 15화","8/4/25"
"이로운 사기: 14화","8/4/25"
"이로운 사기: 13화","8/3/25"
"이로운 사기: 12화","8/3/25"
"이로운 사기: 11화","8/3/25"
"이로운 사기: 10화","8/2/25"
"이로운 사기: 9화","8/2/25"
"이로운 사기: 8화","8/2/25"
"이로운 사기: 7화","8/1/25"
"이로운 사기: 6화","8/1/25"
"이로운 사기: 5화","8/1/25"
"이로운 사기: 4화","7/30/25"
"이로운 사기: 3화","7/28/25"
"이로운 사기: 2화","7/28/25"
"이로운 사기: 1화","7/27/25"
"스트리밍","7/27/25"
"신칸센 대폭파","7/20/25"
"84㎡ (84제곱미터)","7/20/25"
"굿보이: 오발탄","7/19/25"
"굿보이: 빠테루 빠테루","7/19/25"
"굿보이: 카운터 펀치","7/19/25"
"청담국제고등학교: 시즌 1: 거짓","7/19/25"
"청담국제고등학교: 시즌 1: 태생","7/19/25"
"굿보이: 펀치 드렁크 러브","7/14/25"
"모범택시: 1화","7/13/25"
"지암","7/13/25"
"굿보이: 나비처럼 날아서","7/3/25"
"오징어 게임: 시즌 3: 사람은","7/3/25"
"오징어 게임: 시즌 3: ○△□","7/2/25"
"오징어 게임: 시즌 3: 222","7/1/25"
"오징어 게임: 시즌 3: 당신의 탓이 아니다","7/1/25"
"오징어 게임: 시즌 3: 별이 빛나는 밤에","6/29/25"
"오징어 게임: 시즌 3: 열쇠와 칼","6/29/25"
"오징어 게임: 시즌 2: 친구와 적","6/27/25"
"굿보이: 밀리언 달러 베이비","6/26/25"
"굿보이: 더 빨리, 더 멀리, 더 강하게","6/25/25"
"광장: 리미티드 시리즈: 7화","6/25/25"
"광장: 리미티드 시리즈: 6화","6/24/25"
"미지의 서울: 리미티드 시리즈: 다시, 그곳으로","6/22/25"
"광장: 리미티드 시리즈: 5화","6/21/25"
"광장: 리미티드 시리즈: 4화","6/18/25"
"광장: 리미티드 시리즈: 3화","6/18/25"
"미지의 서울: 리미티드 시리즈: 이상한 하나","6/18/25"
"미지의 서울: 리미티드 시리즈: 미지未知;아직 모른다","6/18/25"
"광장: 리미티드 시리즈: 2화","6/16/25"
"미지의 서울: 리미티드 시리즈: 나무 속 아이","6/14/25"
"미지의 서울: 리미티드 시리즈: 그대와 혼자서","6/14/25"
"광장: 리미티드 시리즈: 1화","6/12/25"
"귀궁: 이무기가 날아간 곳은","6/10/25"
"귀궁: 빙의","6/9/25"
"굿보이: 우리들의 일그러진 영웅","6/6/25"
"귀궁: 경귀석","6/4/25"
"귀궁: 귀혼(歸魂)","6/3/25"
"미지의 서울: 리미티드 시리즈: 나의 천적","6/2/25"
"노무사 노무진: 1화","6/2/25"
"미지의 서울: 리미티드 시리즈: 똑똑, 문 좀 열어주세요","6/1/25"
"천국보다 아름다운: 리미티드 시리즈: 3화","5/29/25"
"귀궁: 광암문집","5/28/25"
"귀궁: 비비","5/28/25"
"탄금: 영원토록, 영영","5/25/25"
"탄금: 닿지 못할 인사","5/25/25"
"탄금: 살아있는 소품","5/24/25"
"탄금: 이지러질 재, 떠날 이 - 내 이름 재이","5/24/25"
"탄금: 휘몰아치는 파동","5/24/25"
"탄금: 없을 무, 다할 진 - 오라버니 무진","5/23/25"
"탄금: 가릴수록 선명해지는, 눈가림","5/22/25"
"탄금: 거울처럼 비치는 상흔","5/22/25"
"탄금: 진품 같은 가품","5/21/25"
"탄금: 세상을 앗아간 설인","5/20/25"
"탄금: 무지개 홍, 밝을 랑 - 내 아우 홍랑","5/19/25"
"귀궁: 악귀는 없다","5/18/25"
"귀궁: 13년 전","5/18/25"
"천국보다 아름다운: 리미티드 시리즈: 2화","5/12/25"
"귀궁: 아구지","5/10/25"
"천국보다 아름다운: 리미티드 시리즈: 1화","5/10/25"
"귀궁: 살(煞)","5/10/25"
"귀궁: 재주 있는 처녀","5/6/25"
"귀궁: 베개 속의 두개골","5/4/25"
"귀궁: 팔척귀를 돕는 자가 있다.","5/4/25"
"귀궁: 야광주","5/4/25"
"약한영웅: Class 2: 4화","5/1/25"
"약한영웅: Class 2: 3화","5/1/25"
"약한영웅: Class 2: 1화","5/1/25"
"주옥의 여인: The Story Of Pearl Girl: 40화","4/29/25"
"주옥의 여인: The Story Of Pearl Girl: 39화","4/28/25"
"귀궁: 팔척귀","4/26/25"
"귀궁: 강철이 간 데는 가을도 봄이라","4/26/25"
"주옥의 여인: The Story Of Pearl Girl: 38화","4/26/25"
"주옥의 여인: The Story Of Pearl Girl: 1화","4/26/25"
"주옥의 여인: The Story Of Pearl Girl: 37화","4/24/25"
"주옥의 여인: The Story Of Pearl Girl: 36화","4/23/25"
"주옥의 여인: The Story Of Pearl Girl: 35화","4/22/25"
"주옥의 여인: The Story Of Pearl Girl: 34화","4/21/25"
"주옥의 여인: The Story Of Pearl Girl: 33화","4/21/25"
"주옥의 여인: The Story Of Pearl Girl: 32화","4/18/25"
"주옥의 여인: The Story Of Pearl Girl: 31화","4/16/25"
"주옥의 여인: The Story Of Pearl Girl: 30화","4/15/25"
"주옥의 여인: The Story Of Pearl Girl: 29화","4/14/25"
"주옥의 여인: The Story Of Pearl Girl: 28화","4/11/25"
"주옥의 여인: The Story Of Pearl Girl: 27화","4/11/25"
"주옥의 여인: The Story Of Pearl Girl: 26화","4/11/25"
"악연: 리미티드 시리즈: 죄 지은 자들","4/8/25"
"주옥의 여인: The Story Of Pearl Girl: 25화","4/8/25"
"주옥의 여인: The Story Of Pearl Girl: 24화","4/7/25"
"악연: 리미티드 시리즈: 시체를 유기한 남자","4/6/25"
"악연: 리미티드 시리즈: 사채 빚의 남자","4/6/25"
"주옥의 여인: The Story Of Pearl Girl: 23화","4/4/25"
"주옥의 여인: The Story Of Pearl Girl: 22화","4/3/25"
"주옥의 여인: The Story Of Pearl Girl: 20화","4/3/25"
"주옥의 여인: The Story Of Pearl Girl: 21화","4/3/25"
"이혼숙려캠프: 2025: 2024-12-26","4/2/25"
"주옥의 여인: The Story Of Pearl Girl: 19화","3/31/25"
"폭싹 속았수다: 리미티드 시리즈: 폭싹 속았수다","3/30/25"
"폭싹 속았수다: 리미티드 시리즈: 만날, 봄","3/30/25"
"폭싹 속았수다: 리미티드 시리즈: 훨훨 날라, 훨훨 날아 보켜","3/30/25"
"폭싹 속았수다: 리미티드 시리즈: 그추룩 짝사랑","3/29/25"
"폭싹 속았수다: 리미티드 시리즈: 펠롱펠롱 겨울","3/29/25"
"주옥의 여인: The Story Of Pearl Girl: 18화","3/28/25"
"주옥의 여인: The Story Of Pearl Girl: 17화","3/28/25"
"주옥의 여인: The Story Of Pearl Girl: 16화","3/27/25"
"주옥의 여인: The Story Of Pearl Girl: 15화","3/25/25"
"주옥의 여인: The Story Of Pearl Girl: 14화","3/24/25"
"폭싹 속았수다: 리미티드 시리즈: 호로록 봄","3/24/25"
"폭싹 속았수다: 리미티드 시리즈: 내 사랑 내 곁에","3/23/25"
"폭싹 속았수다: 리미티드 시리즈: 품 안의 바람 품 안의 사랑","3/22/25"
"폭싹 속았수다: 리미티드 시리즈: 바람은 왱왱왱 마음은 잉잉잉","3/22/25"
"폭싹 속았수다: 리미티드 시리즈: 변하느니 달이요, 마음이야 늙겠는가","3/22/25"
"폭싹 속았수다: 리미티드 시리즈: 자락자락 가을","3/22/25"
"폭싹 속았수다: 리미티드 시리즈: 살민 살아진다","3/21/25"
"주옥의 여인: The Story Of Pearl Girl: 13화","3/21/25"
"주옥의 여인: The Story Of Pearl Girl: 12화","3/20/25"
"주옥의 여인: The Story Of Pearl Girl: 11화","3/20/25"
"폭싹 속았수다: 리미티드 시리즈: 한여름 밤의 만선","3/18/25"
"주옥의 여인: The Story Of Pearl Girl: 10화","3/18/25"
"주옥의 여인: The Story Of Pearl Girl: 9화","3/18/25"
"마녀: Shine on you","3/15/25"
"마녀: 통계의 오류","3/15/25"
"폭싹 속았수다: 리미티드 시리즈: 꽈랑꽈랑 여름","3/15/25"
"폭싹 속았수다: 리미티드 시리즈: 예스터데이. 그들의 봄은...","3/14/25"
"폭싹 속았수다: 리미티드 시리즈: 요망진 첫사랑","3/14/25"
"주옥의 여인: The Story Of Pearl Girl: 8화","3/14/25"
"주옥의 여인: The Story Of Pearl Girl: 7화","3/13/25"
"주옥의 여인: The Story Of Pearl Girl: 6화","3/12/25"
"주옥의 여인: The Story Of Pearl Girl: 5화","3/11/25"
"주옥의 여인: The Story Of Pearl Girl: 4화","3/11/25"
"소년들","3/9/25"
"에브리씽 에브리웨어 올 앳 원스","3/9/25"
"주옥의 여인: The Story Of Pearl Girl: 3화","3/8/25"
"주옥의 여인: The Story Of Pearl Girl: 2화","3/8/25"
"마녀: 우연의 일치","3/3/25"
"미친맛집: 미식가 친구의 맛집: 시즌1: 한일 맛 교환 프로젝트: 일본에서 가장 비싼 치즈케이크","3/2/25"
"미친맛집: 미식가 친구의 맛집: 시즌1: 한일 맛 교환 프로젝트: 마츠시게의 13년 단골 미친맛집","3/2/25"
"6시간 후 너는 죽는다","3/2/25"
"의사 요한: Saison 1: Terminal: 말기의, 불치의","2/24/25"
"의사 요한: Saison 1: 누군가를 이해한다는 것은","2/23/25"
"의사 요한: Saison 1: 비밀과 거짓말","2/23/25"
"의사 요한: Saison 1: 고통에 대한 기억","2/23/25"
"의사 요한: Saison 1: 21그램, 영혼의 무게","2/23/25"
"의사 요한: Saison 1: 두려움에 대하여","2/22/25"
"의사 요한: Saison 1: 희망과 절망 사이","2/22/25"
"의사 요한: Saison 1: 챔피언","2/21/25"
"의사 요한: Saison 1: 0.00001%의 희망","2/21/25"
"황후의 품격: 1화","2/18/25"
"마녀: 마녀, 박미정","2/18/25"
"마녀: 여학생","2/17/25"
"이혼숙려캠프: 2025: 2024-12-19","2/15/25"
"멜로무비: 리미티드 시리즈: 아침이 오면 아름다울 거야","2/15/25"
"나의 완벽한 비서: 12회","2/15/25"
"나의 완벽한 비서: 11회","2/13/25"
"나의 완벽한 비서: 10회","2/8/25"
"중증외상센터: 환자명: 백강혁","2/8/25"
"중증외상센터: 남수단에서 온 구조 신호","2/8/25"
"중증외상센터: 포기하지 않을 나만의 이유","2/7/25"
"중증외상센터: 코드 블랙","2/7/25"
"중증외상센터: 보이는 것보다 더 가까이","2/6/25"
"중증외상센터: 우린 계속 뛰어야 한다","2/6/25"
"중증외상센터: 1호의 탄생","2/4/25"
"중증외상센터: 안전핀이 뽑힌 또라이","2/4/25"
"나의 완벽한 비서: 9회","2/4/25"
"나의 완벽한 비서: 1회","2/4/25"
"보고타: 마지막 기회의 땅","2/4/25"
"나의 완벽한 비서: 8회","2/3/25"
"옥씨부인전: Limited Series: 16회","1/26/25"
"옥씨부인전: Limited Series: 15회","1/26/25"
"나의 완벽한 비서: 7회","1/25/25"
"나의 완벽한 비서: 6회","1/24/25"
"나의 완벽한 비서: 5회","1/24/25"
"나의 완벽한 비서: 4회","1/22/25"
"나의 완벽한 비서: 3회","1/21/25"
"나의 완벽한 비서: 2회","1/20/25"
"옥씨부인전: Limited Series: 14회","1/20/25"
"옥씨부인전: Limited Series: 7회","1/20/25"
"백 인 액션","1/19/25"
"지금 거신 전화는: 리미티드 시리즈: 12화","1/12/25"
"지금 거신 전화는: 리미티드 시리즈: 11화","1/12/25"
"지금 거신 전화는: 리미티드 시리즈: 10화","1/5/25"
"오징어 게임: 시즌 2: O ﻿ X","1/4/25"
"오징어 게임: 시즌 2: 한 판 더","1/4/25"
"오징어 게임: 시즌 2: 여섯 개의 다리","1/4/25"
"오징어 게임: 시즌 2: 001","1/4/25"
"오징어 게임: 시즌 2: 할로윈 파티","12/28/24"
"오징어 게임: 시즌 2: 빵과 복권","12/28/24"
"옥씨부인전: Limited Series: 1회","12/28/24"
"지금 거신 전화는: 리미티드 시리즈: 9화","12/27/24"
"옥씨부인전: Limited Series: 6회","12/25/24"
"옥씨부인전: Limited Series: 5회","12/25/24"
"지금 거신 전화는: 리미티드 시리즈: 8화","12/23/24"
"지금 거신 전화는: 리미티드 시리즈: 7화","12/23/24"
"지금 거신 전화는: 리미티드 시리즈: 6화","12/22/24"
"지금 거신 전화는: 리미티드 시리즈: 5화","12/19/24"
"지금 거신 전화는: 리미티드 시리즈: 4화","12/18/24"
"지금 거신 전화는: 리미티드 시리즈: 3화","12/18/24"
"지금 거신 전화는: 리미티드 시리즈: 2화","12/18/24"
"지금 거신 전화는: 리미티드 시리즈: 1화","12/16/24"
"아네모네","12/13/24"
"그녀가 죽었다","12/13/24"
"좀비버스: 뉴 블러드: 3화","12/8/24"
"옥씨부인전: Limited Series: 2회","12/8/24"
"철인왕후: 리미티드 시리즈: 올인","12/8/24"
"철인왕후: 리미티드 시리즈: 나 없는 내 인생","12/6/24"
"철인왕후: 리미티드 시리즈: 지옥에서 돌아온 자","12/6/24"
"철인왕후: 리미티드 시리즈: 기억의 역습","12/4/24"
"철인왕후: 리미티드 시리즈: 임신은 아름다워","12/3/24"
"철인왕후: 리미티드 시리즈: 이 궁궐의 미친 X","12/2/24"
"철인왕후: 리미티드 시리즈: 죽어야 사는 여자","11/30/24"
"철인왕후: 리미티드 시리즈: 내일은 없다","11/30/24"
"철인왕후: 리미티드 시리즈: 검 위에서 춤추다","11/30/24"
"철인왕후: 리미티드 시리즈: 용서받지 못한 자","11/29/24"
"철인왕후: 리미티드 시리즈: 악몽을 살다","11/29/24"
"철인왕후: 리미티드 시리즈: 빛과 어둠","11/28/24"
"철인왕후: 리미티드 시리즈: 위험한 관계","11/27/24"
"철인왕후: 리미티드 시리즈: 가면","11/27/24"
"철인왕후: 리미티드 시리즈: 이해와 오해 사이","11/26/24"
"철인왕후: 리미티드 시리즈: 상처받기 쉬운 발꿈치","11/26/24"
"철인왕후: 리미티드 시리즈: 너무 많이 아는 남자","11/26/24"
"철인왕후: 리미티드 시리즈: 적과의 동침","11/24/24"
"철인왕후: 리미티드 시리즈: 아무도 모른다","11/24/24"
"철인왕후: 리미티드 시리즈: 이상한 나라의 장봉환","11/24/24"
"정숙한 세일즈: 리미티드 시리즈: 11화","11/23/24"
"정숙한 세일즈: 리미티드 시리즈: 10화","11/23/24"
"좀비버스: 뉴 블러드: 2화","11/20/24"
"좀비버스: 뉴 블러드: 1화","11/20/24"
"정숙한 세일즈: 리미티드 시리즈: 9화","11/15/24"
"정숙한 세일즈: 리미티드 시리즈: 8화","11/15/24"
"정숙한 세일즈: 리미티드 시리즈: 7화","11/2/24"
"정숙한 세일즈: 리미티드 시리즈: 6화","11/2/24"
"정숙한 세일즈: 리미티드 시리즈: 1화","11/2/24"
"돈 무브","11/2/24"
"정숙한 세일즈: 리미티드 시리즈: 5화","11/1/24"
"지옥: 시즌 2: 6화","11/1/24"
"지옥: 시즌 2: 5화","10/31/24"
"지옥: 시즌 2: 4화","10/29/24"
"지옥: 시즌 2: 3화","10/29/24"
"지옥: 시즌 2: 2화","10/26/24"
"지옥: 시즌 2: 1화","10/26/24"
"지옥: 시즌 1: 1화","10/26/24"
"정숙한 세일즈: 리미티드 시리즈: 4화","10/25/24"
"정숙한 세일즈: 리미티드 시리즈: 3화","10/25/24"
"정숙한 세일즈: 리미티드 시리즈: 2화","10/22/24"
"이토록 친밀한 배신자: 2024-10-12","10/22/24"
"이토록 친밀한 배신자: 2024-10-11","10/14/24"
"흑백요리사: 요리 계급 전쟁: 시즌 1: 3화","10/3/24"
"흑백요리사: 요리 계급 전쟁: 시즌 1: 2화","10/3/24"
"엄마친구아들: 리미티드 시리즈: 컴백","10/3/24"
"엄마친구아들: 리미티드 시리즈: 사랑의 단맛","10/3/24"
"엄마친구아들: 리미티드 시리즈: 사랑","10/3/24"
"경성크리처: 시즌 2: 경계인","9/29/24"
"경성크리처: 시즌 2: 미끼","9/29/24"
"경성크리처: 시즌 2: 괴물","9/29/24"
"경성크리처: 시즌 2: 이면","9/29/24"
"경성크리처: 시즌 2: 파편","9/28/24"
"경성크리처: 시즌 2: 흔적","9/28/24"
"경성크리처: 시즌 2: 호재","9/28/24"
"경성크리처: 시즌 1: 나진 (納人)","9/27/24"
"흑백요리사: 요리 계급 전쟁: 시즌 1: 1화","9/24/24"
"엄마친구아들: 리미티드 시리즈: 소꿉연애","9/23/24"
"엄마친구아들: 리미티드 시리즈: 지각","9/23/24"
"굿파트너: 제 16부 굿, 파트너","9/21/24"
"크로스","9/18/24"
"엄마친구아들: 리미티드 시리즈: 동굴의 곰","9/18/24"
"엄마친구아들: 리미티드 시리즈: 암","9/17/24"
"굿파트너: 제 15부 진심 혹은 진실","9/16/24"
"베테랑","9/16/24"
"무도실무관","9/15/24"
"굿파트너: 제 1부 이혼전문변호사","9/14/24"
"굿파트너: 제 14부 싸움의 기술","9/14/24"
"굿파트너: 제 13부 결심(決心)-마음먹다","9/14/24"
"드라이브","9/13/24"
"엄마친구아들: 리미티드 시리즈: 그의 비밀","9/10/24"
"엄마친구아들: 리미티드 시리즈: 사랑은 타이밍","9/7/24"
"굿파트너: 제 12부 결심(結審)-변론종결","9/6/24"
"엄마친구아들: 리미티드 시리즈: 당신의 첫","9/6/24"
"엄마친구아들: 리미티드 시리즈: Go back","9/4/24"
"엄마친구아들: 리미티드 시리즈: 과거완료","9/3/24"
"엄마친구아들: 리미티드 시리즈: 정지선","9/2/24"
"엄마친구아들: 리미티드 시리즈: 미움","9/2/24"
"굿파트너: 제 11부 빈자리","9/1/24"
"굿파트너: 제 10부 막장 또는 마지막장","8/30/24"
"이브: 16화","8/26/24"
"이브: 15화","8/25/24"
"이브: 14화","8/25/24"
"굿파트너: 제 9부 반쪽짜리 사과","8/24/24"
"굿파트너: 제 8부 이렇게 아버지가 된다","8/24/24"
"이브: 13화","8/23/24"
"이브: 12화","8/23/24"
"이브: 11화","8/21/24"
"이브: 10화","8/21/24"
"굿파트너: 제 7부 엄마라는 이름으로","8/20/24"
"굿파트너: 제 6부 부모의 자격","8/20/24"
"굿파트너: 제 5부 오피스 허즈밴드","8/20/24"
"이브: 9화","8/14/24"
"이브: 8화","8/14/24"
"이브: 7화","8/13/24"
"이브: 6화","8/12/24"
"낮과 밤이 다른 그녀: 리미티드 시리즈: 16화","8/5/24"
"낮과 밤이 다른 그녀: 리미티드 시리즈: 15화","8/5/24"
"이브: 5화","8/1/24"
"낮과 밤이 다른 그녀: 리미티드 시리즈: 14화","8/1/24"
"낮과 밤이 다른 그녀: 리미티드 시리즈: 13화","7/30/24"
"이브: 4화","7/27/24"
"이브: 3화","7/26/24"
"이브: 2화","7/26/24"
"이브: 1화","7/25/24"
"굿파트너: 제 4부 쇼SHOW","7/24/24"
"굿파트너: 제 3부 가족이 되어버린 남","7/23/24"
"굿파트너: 제 2부 두 여자","7/23/24"
"낮과 밤이 다른 그녀: 리미티드 시리즈: 12화","7/22/24"
"낮과 밤이 다른 그녀: 리미티드 시리즈: 11화","7/21/24"
"낮과 밤이 다른 그녀: 리미티드 시리즈: 8화","7/21/24"
"끝내주는 해결사: 10회","7/18/24"
"끝내주는 해결사: 9회","7/15/24"
"끝내주는 해결사: 8회","7/15/24"
"댓글부대","7/15/24"
"낮과 밤이 다른 그녀: 리미티드 시리즈: 1화","7/13/24"
"끝내주는 해결사: 7회","7/12/24"
"낮과 밤이 다른 그녀: 리미티드 시리즈: 7화","7/10/24"
"낮과 밤이 다른 그녀: 리미티드 시리즈: 6화","7/10/24"
"낮과 밤이 다른 그녀: 리미티드 시리즈: 5화","7/10/24"
"끝내주는 해결사: 6회","7/3/24"
"끝내주는 해결사: 5회","7/1/24"
"끝내주는 해결사: 4회","6/30/24"
"끝내주는 해결사: 3회","6/30/24"
"끝내주는 해결사: 2회","6/29/24"
"끝내주는 해결사: 1회","6/27/24"
"낮과 밤이 다른 그녀: 리미티드 시리즈: 4화","6/27/24"
"낮과 밤이 다른 그녀: 리미티드 시리즈: 3화","6/26/24"
"낮과 밤이 다른 그녀: 리미티드 시리즈: 2화","6/25/24"
"하이라키: 리미티드 시리즈: Spring time: 짧고 푸르른, 그들의 서툰 봄날","6/16/24"
"하이라키: 리미티드 시리즈: 활: 모두의 심장에 남을","6/15/24"
"하이라키: 리미티드 시리즈: 이방인: 강인한 강하","6/15/24"
"하이라키: 리미티드 시리즈: 복수, 욕망, 로맨스: 그들의 진심","6/15/24"
"하이라키: 리미티드 시리즈: 하이라키: 그들의 질서","6/15/24"
"하이라키: 리미티드 시리즈: 비밀: 그리고 비밀","6/12/24"
"하이라키: 리미티드 시리즈: 뉴비파티: 진실 혹은 도전","6/11/24"
"히어로는 아닙니다만: 리미티드 시리즈: 11화","6/9/24"
"시민덕희","6/7/24"
"히어로는 아닙니다만: 리미티드 시리즈: 10화","6/3/24"
"히어로는 아닙니다만: 리미티드 시리즈: 9화","6/3/24"
"히어로는 아닙니다만: 리미티드 시리즈: 7화","6/2/24"
"The 8 Show: 리미티드 시리즈: 8화","6/1/24"
"The 8 Show: 리미티드 시리즈: 7화","5/31/24"
"The 8 Show: 리미티드 시리즈: 6화","5/31/24"
"The 8 Show: 리미티드 시리즈: 5화","5/31/24"
"The 8 Show: 리미티드 시리즈: 4화","5/30/24"
"The 8 Show: 리미티드 시리즈: 3화","5/30/24"
"The 8 Show: 리미티드 시리즈: 2화","5/30/24"
"The 8 Show: 리미티드 시리즈: 1화","5/27/24"
"히어로는 아닙니다만: 리미티드 시리즈: 6화","5/25/24"
"히어로는 아닙니다만: 리미티드 시리즈: 5화","5/25/24"
"히어로는 아닙니다만: 리미티드 시리즈: 4화","5/23/24"
"히어로는 아닙니다만: 리미티드 시리즈: 3화","5/20/24"
"히어로는 아닙니다만: 리미티드 시리즈: 2화","5/20/24"
"히어로는 아닙니다만: 리미티드 시리즈: 1화","5/19/24"
"기생수 파트2","5/10/24"
"기생수 파트1","5/10/24"
"기생수: 제 1화 변신","5/6/24"
"기생수: 더 그레이: 리미티드 시리즈: 6화","5/4/24"
"기생수: 더 그레이: 리미티드 시리즈: 5화","5/4/24"
"기생수: 더 그레이: 리미티드 시리즈: 4화","5/4/24"
"기생수: 더 그레이: 리미티드 시리즈: 3화","5/4/24"
"기생수: 더 그레이: 리미티드 시리즈: 2화","5/4/24"
"기생수: 더 그레이: 리미티드 시리즈: 1화","5/4/24"
"눈물의 여왕: 리미티드 시리즈: 12화","4/19/24"
"눈물의 여왕: 리미티드 시리즈: 11화","4/19/24"
"눈물의 여왕: 리미티드 시리즈: 10화","4/8/24"
"눈물의 여왕: 리미티드 시리즈: 9화","4/8/24"
"눈물의 여왕: 리미티드 시리즈: 8화","4/7/24"
"눈물의 여왕: 리미티드 시리즈: 7화","4/6/24"
"삼체: 시즌 1: 카운트다운","3/27/24"
"눈물의 여왕: 리미티드 시리즈: 6화","3/26/24"
"눈물의 여왕: 리미티드 시리즈: 4화","3/21/24"
"눈물의 여왕: 리미티드 시리즈: 3화","3/21/24"
"눈물의 여왕: 리미티드 시리즈: 2화","3/20/24"
"눈물의 여왕: 리미티드 시리즈: 1화","3/19/24"
"살인자ㅇ난감: 8화","2/14/24"
"살인자ㅇ난감: 7화","2/14/24"
"살인자ㅇ난감: 6화","2/13/24"
"살인자ㅇ난감: 5화","2/12/24"
"살인자ㅇ난감: 4화","2/11/24"
"살인자ㅇ난감: 3화","2/11/24"
"살인자ㅇ난감: 2화","2/11/24"
"웰컴투 삼달리: 리미티드 시리즈: 그놈의 짝사랑","1/16/24"
"웰컴투 삼달리: 리미티드 시리즈: 개천은 용의 구역!","1/15/24"
"웰컴투 삼달리: 리미티드 시리즈: 빛나는 사람의 등 뒤엔 어둠이 있다","1/14/24"
"웰컴투 삼달리: 리미티드 시리즈: 우리가 예측하지 못한 변수들","1/10/24"
"웰컴투 삼달리: 리미티드 시리즈: 두 미자 이야기","1/8/24"
"웰컴투 삼달리: 리미티드 시리즈: 고사리 장마","1/7/24"
"웰컴투 삼달리: 리미티드 시리즈: 이별은 늘 양면이다","1/1/24"
"해피니스: 리미티드 시리즈: 12화","12/26/23"
"해피니스: 리미티드 시리즈: 11화","12/26/23"
"해피니스: 리미티드 시리즈: 10화","12/25/23"
"해피니스: 리미티드 시리즈: 9화","12/25/23"
"해피니스: 리미티드 시리즈: 8화","12/25/23"
"해피니스: 리미티드 시리즈: 7화","12/25/23"
"해피니스: 리미티드 시리즈: 6화","12/25/23"
"해피니스: 리미티드 시리즈: 5화","12/24/23"
"해피니스: 리미티드 시리즈: 4화","12/24/23"
"해피니스: 리미티드 시리즈: 3화","12/24/23"
"해피니스: 리미티드 시리즈: 2화","12/24/23"
"해피니스: 리미티드 시리즈: 1화","12/20/23"
"스위트홈: 시즌 2: 2화","12/10/23"
"스위트홈: 시즌 2: 1화","12/10/23"
"스위트홈: 시즌 1: 1화","12/8/23"
"힘쎈여자 강남순: 리미티드 시리즈: 사랑과 정의의 이름으로","12/8/23"
"힘쎈여자 강남순: 리미티드 시리즈: 힘쎈여자 강남순","12/7/23"
"힘쎈여자 강남순: 리미티드 시리즈: 예고된 피바람","12/5/23"
"힘쎈여자 강남순: 리미티드 시리즈: 군소의 피를 사수하라","12/5/23"
"힘쎈여자 강남순: 리미티드 시리즈: 용호상박","12/4/23"
"힘쎈여자 강남순: 리미티드 시리즈: 악의 뿌리","12/4/23"
"힘쎈여자 강남순: 리미티드 시리즈: 강남의 빛과 그림자","11/30/23"
"힘쎈여자 강남순: 리미티드 시리즈: 밤의 무지개","11/28/23"
"힘쎈여자 강남순: 리미티드 시리즈: Mystery X","11/27/23"
"힘쎈여자 강남순: 리미티드 시리즈: 서울의 비질란테","11/27/23"
"힘쎈여자 강남순: 리미티드 시리즈: 모두가 만났다","11/25/23"
"힘쎈여자 강남순: 리미티드 시리즈: 쓰리 제너레이션","11/24/23"
"힘쎈여자 강남순: 리미티드 시리즈: 강남순 강남에 오다","11/21/23"
"국민사형투표: 리미티드 시리즈: 9화","10/30/23"
"국민사형투표: 리미티드 시리즈: 8화","10/30/23"
"국민사형투표: 리미티드 시리즈: 7화","10/28/23"
"국민사형투표: 리미티드 시리즈: 6화","10/9/23"
"국민사형투표: 리미티드 시리즈: 5화","10/9/23"
"국민사형투표: 리미티드 시리즈: 4화","10/9/23"
"국민사형투표: 리미티드 시리즈: 3화","10/5/23"
"힙하게: 리미티드 시리즈: 10화","9/15/23"
"힙하게: 리미티드 시리즈: 9화","9/10/23"
"힙하게: 리미티드 시리즈: 8화","9/10/23"
"힙하게: 리미티드 시리즈: 7화","9/10/23"
"힙하게: 리미티드 시리즈: 6화","9/9/23"
"힙하게: 리미티드 시리즈: 5화","9/3/23"
"힙하게: 리미티드 시리즈: 4화","8/26/23"
"힙하게: 리미티드 시리즈: 3화","8/26/23"
"힙하게: 리미티드 시리즈: 2화","8/26/23"
"힙하게: 리미티드 시리즈: 1화","8/24/23"
"좀비버스: 시즌 1: 8화","8/16/23"
"좀비버스: 시즌 1: 7화","8/15/23"
"일타 스캔들: 리미티드 시리즈: 너와 나, 두 우주의 합집합","4/8/23"
"일타 스캔들: 리미티드 시리즈: 우연과 필연의 결과값","4/8/23"
"일타 스캔들: 리미티드 시리즈: 오직 하나의 해를 구하라","3/8/23"
"일타 스캔들: 리미티드 시리즈: 미제(謎題)에 대처하는 우리의 자세","2/25/23"
"일타 스캔들: 리미티드 시리즈: 인연이 운명이 되는 귀납적 추론","2/25/23"
"일타 스캔들: 리미티드 시리즈: 사랑에 빠지는 아주 보통의 법칙","2/7/23"
"일타 스캔들: 리미티드 시리즈: 인생엔 정답이 아닌 여러 개의 모범답안이 있을 뿐","1/29/23"
"일타 스캔들: 리미티드 시리즈: X와 Y의 비밀 확률 분포","1/29/23"
"일타 스캔들: 리미티드 시리즈: 너와 나, 두 우주의 교집합","1/29/23"
"재벌집 막내아들: 리미티드 시리즈: 6화","12/1/22"
"재벌집 막내아들: 리미티드 시리즈: 5화","12/1/22"
"우리들의 블루스: 리미티드 시리즈: 한수와 은희 1","5/15/22"
"기묘한 이야기: 제3장: 홀리, 졸리","2/6/22"
"기묘한 이야기: 제2장: 메이플가의 이상한 아이","2/6/22"
"기묘한 이야기: 제1장: 윌 바이어스의 실종","2/6/22"
"위쳐: 시즌 2: 친애하는 친구여","2/1/22"
"지금 우리 학교는: 시즌 1: 12화","2/1/22"
"지금 우리 학교는: 시즌 1: 11화","2/1/22"
"지금 우리 학교는: 시즌 1: 10화","2/1/22"
"지금 우리 학교는: 시즌 1: 9화","2/1/22"
"지금 우리 학교는: 시즌 1: 8화","2/1/22"
"지금 우리 학교는: 시즌 1: 7화","2/1/22"
"지금 우리 학교는: 시즌 1: 6화","1/31/22"
"지금 우리 학교는: 시즌 1: 5화","1/31/22"
"지금 우리 학교는: 시즌 1: 4화","1/31/22"
"지금 우리 학교는: 시즌 1: 3화","1/31/22"
"지금 우리 학교는: 시즌 1: 2화","1/30/22"
"지금 우리 학교는: 시즌 1: 1화","1/30/22"
"위쳐: 시즌 2: 등을 돌리며","1/29/22"
"위쳐: 시즌 2: 르다니아의 첩자","1/29/22"
"위쳐: 시즌 2: 잃어버린 것","1/28/22"
"위쳐: 시즌 2: 케어 모헨","1/28/22"
"위쳐: 시즌 2: 티끌만 한 진실","1/24/22"
"위쳐: 시즌 1: 운명을 따라","1/23/22"
"위쳐: 시즌 1: 몰락이 오기 전에","1/22/22"
"위쳐: 시즌 1: 희귀한 존재","1/19/22"
"위쳐: 시즌 1: 정령의 주인","1/19/22"
"위쳐: 시즌 1: 어느 연회에 관한 이야기","1/18/22"
"위쳐: 시즌 1: 배신의 달이 뜨면","1/16/22"
"위쳐: 시즌 1: 팔려 간 소녀","1/12/22"
"위쳐: 시즌 1: 끝과 시작","1/12/22"
"돈 룩 업","1/8/22"
"연모: 리미티드 시리즈: 20화","1/6/22"
"연모: 리미티드 시리즈: 19화","1/6/22"
"연모: 리미티드 시리즈: 18화","1/5/22"
"연모: 리미티드 시리즈: 17화","1/3/22"
"연모: 리미티드 시리즈: 16화","1/3/22"
"연모: 리미티드 시리즈: 15화","12/31/21"
"연모: 리미티드 시리즈: 14화","12/27/21"
"연모: 리미티드 시리즈: 13화","12/27/21"
"연모: 리미티드 시리즈: 12화","12/26/21"
"연모: 리미티드 시리즈: 11화","12/26/21"
"연모: 리미티드 시리즈: 10화","12/16/21"
"연모: 리미티드 시리즈: 9화","12/15/21"
"연모: 리미티드 시리즈: 8화","12/14/21"
"연모: 리미티드 시리즈: 7화","12/9/21"
"연모: 리미티드 시리즈: 6화","11/28/21"
"연모: 리미티드 시리즈: 5화","11/27/21"
"연모: 리미티드 시리즈: 4화","11/24/21"
"지옥: 시즌 1: 6화","11/22/21"
"지옥: 시즌 1: 5화","11/22/21"
"지옥: 시즌 1: 4화","11/21/21"
"지옥: 시즌 1: 3화","11/21/21"
"연모: 리미티드 시리즈: 3화","11/17/21"
"연모: 리미티드 시리즈: 2화","11/17/21"
"연모: 리미티드 시리즈: 1화","11/14/21"
"마이 네임: 8화","10/20/21"
"마이 네임: 7화","10/20/21"
"마이 네임: 6화","10/19/21"
"마이 네임: 5화","10/19/21"
"마이 네임: 4화","10/18/21"
"마이 네임: 3화","10/17/21"
"마이 네임: 2화","10/17/21"
"마이 네임: 1화","10/16/21"
"오징어 게임: 시즌 1: 운수 좋은 날","10/16/21"
"오징어 게임: 시즌 1: 프론트맨","10/16/21"
"오징어 게임: 시즌 1: VIPS","10/16/21"
"오징어 게임: 시즌 1: 깐부","10/16/21"
"오징어 게임: 시즌 1: 평등한 세상","10/15/21"
"오징어 게임: 시즌 1: 쫄려도 편먹기","10/14/21"
"오징어 게임: 시즌 1: 우산을 쓴 남자","10/14/21"
"오징어 게임: 시즌 1: 지옥","10/13/21"
"오징어 게임: 시즌 1: 무궁화 꽃이 피던 날","10/12/21"
"블랙코드","10/9/21"
"종이의 집: 파트 5: 아주 많은 삶","10/9/21"
"더블 타겟: 착탄점","10/9/21"
"종이의 집: 파트 5: 천국의 네 자리","10/7/21"
"종이의 집: 파트 5: 잘들 구경해!","10/7/21"
"종이의 집: 파트 5: 환생을 믿어?","10/4/21"
"종이의 집: 파트 5: 막다른 길","10/4/21"
"종이의 집: 파트 4: 파리 계획","10/4/21"
"종이의 집: 파트 4: 텐트 공격","10/4/21"
"종이의 집: 파트 4: TKO 패","10/4/21"
"종이의 집: 파트 4: 5분 전","10/3/21"
"종이의 집: 파트 4: 예행연습","10/3/21"
"종이의 집: 파트 4: 사랑의 표현","10/3/21"
"종이의 집: 파트 4: 베를린의 결혼식","10/3/21"
"종이의 집: 파트 4: 게임 오버","10/3/21"
"종이의 집: 파트 3: 혼돈","9/28/21"
"종이의 집: 파트 3: 짧은 휴가","9/27/21"
"종이의 집: 파트 3: 불가능한 일","9/27/21"
"종이의 집: 파트 3: 쾅, 쾅, 잘 가","9/27/21"
"종이의 집: 파트 3: 돌고래 투입","9/27/21"
"종이의 집: 파트 3: 지하 48m","9/27/21"
"종이의 집: 파트 3: 합기도","9/26/21"
"종이의 집: 파트 3: 우리가 돌아왔다","9/25/21"
"종이의 집: 파트 2: 9화","9/25/21"
"종이의 집: 파트 2: 8화","9/25/21"
"종이의 집: 파트 2: 7화","9/25/21"
"종이의 집: 파트 2: 6화","9/25/21"
"종이의 집: 파트 2: 5화","9/24/21"
"종이의 집: 파트 2: 4화","9/23/21"
"종이의 집: 파트 2: 3화","9/23/21"
"종이의 집: 파트 2: 2화","9/23/21"
"종이의 집: 파트 2: 1화","9/23/21"
"종이의 집: 파트 1: 13화","9/22/21"
"종이의 집: 파트 1: 12화","9/21/21"
"종이의 집: 파트 1: 11화","9/21/21"
"종이의 집: 파트 1: 10화","9/21/21"
"종이의 집: 파트 1: 9화","9/21/21"
"종이의 집: 파트 1: 8화","9/20/21"
"종이의 집: 파트 1: 7화","9/15/21"
"종이의 집: 파트 1: 6화","9/13/21"
"종이의 집: 파트 1: 5화","9/12/21"
"종이의 집: 파트 1: 4화","9/12/21"
"종이의 집: 파트 1: 3화","9/12/21"
"종이의 집: 파트 1: 2화","9/9/21"
"종이의 집: 파트 1: 1화","9/9/21"
"비밀의 숲: 시즌 2: 16화","9/6/21"
"비밀의 숲: 시즌 2: 15화","9/4/21"
"비밀의 숲: 시즌 2: 14화","9/2/21"
"비밀의 숲: 시즌 2: 13화","9/2/21"
"비밀의 숲: 시즌 2: 12화","9/1/21"
"비밀의 숲: 시즌 2: 11화","8/30/21"
"비밀의 숲: 시즌 2: 10화","8/30/21"
"비밀의 숲: 시즌 2: 9화","8/29/21"
"비밀의 숲: 시즌 2: 8화","8/29/21"
"비밀의 숲: 시즌 2: 7화","8/28/21"
"비밀의 숲: 시즌 2: 6화","8/26/21"
"비밀의 숲: 시즌 2: 5화","8/24/21"
"비밀의 숲: 시즌 2: 4화","8/24/21"
"비밀의 숲: 시즌 2: 3화","8/23/21"
"비밀의 숲: 시즌 2: 2화","8/21/21"
"비밀의 숲: 시즌 2: 1화","8/16/21"
"비밀의 숲: 시즌 1: 최종화: 16화","8/16/21"
